STOCK;PRODUCTOS;PRECIO;SIN IGV;;;
0;Ab 80 abro;24.00;20.34;;;
0;Abrazadera 1/2;0.50;0.42;;;
0;Abrazadera 2 par;4.50;5.08;;;
0;Abrazadera para alambre;1.50;1.27;;;
0;Abrazaderas;2.00;1.69;;;
0;Accesor;4.00;3.39;;;
0;Accesorio comprensora truper;20.00;15.25;;;
0;Accesorio tanque metusa;37.00;22.88;;;
0;Accesorio tanque sani;26.00;22.03;;;
0;Aceite afloja todo truper;12.00;10.17;;;
0;Aceite de maquina;2.00;1.69;;;
0;Ácido muriatico losaro;8.00;6.78;;;
0;Ácido sapolio;6.00;5.08;;;
0;Adaptador 1/2 blanco;1.00;0.85;;;
0;Adaptador enchufe;3.00;2.54;;;
0;Adex;10.00;8.47;;;
0;Adex pasta;9.00;7.63;;;
0;Africanito;2.50;1.69;;;
0;Africano;6.50;5.51;;;
0;Africano 1/4;20.00;16.95;;;
0;Aguarraz;11.00;9.32;;;
0;Alambre de construccion 23;7.00;5.93;;;
0;Alcayata y clavo;3.00;2.54;;;
0;Alcohol isopropilico;18.00;15.25;;;
0;Aldaba 31/2;6.00;5.08;;;
0;Alicate 6 universal kamasa;12.50;10.17;;;
0;Alicate de corte 6 uyustools;12.50;10.59;;;
0;Alicate picoloro 10;20.00;16.95;;;
0;Alicate presion;19.00;16.10;;;
0;Alicate presión 10;20.00;16.95;;;
0;Alicate presion kamasa;21.00;17.80;;;
0;Alicate punta 6 kamasa;12.00;10.17;;;
0;Alicate universal 7 maxtool;16.00;13.56;;;
0;Ambientador Glade;9.30;8.47;;;
0;Ambientador sapolio;8.00;6.78;;;
0;Anillo de cera;7.50;6.36;;;
0;Anillo solución 4;16.00;13.56;;;
0;Antena 90cm;5.80;4.92;;;
0;Antena TV c/ base;15.00;12.71;;;
0;Anticorrosivo koral;34.00;25.00;;;
0;Aplicador de silicona uyus.;12.00;10.17;;;
0;Aplicador silicona truper;14.00;11.86;;;
0;Apretador conector cable kamasa;28.00;23.73;;;
0;Arcilla;4.00;3.39;;;
0;Arco cierra;13.00;11.02;;;
0;Arco sierra pretul;19.00;16.10;;;
0;Arco, cuña nivelador;12.00;10.17;;;
0;Arena fina;1.00;5.08;;;
0;Armella;3.00;2.54;;;
0;Armella;5.00;4.24;;;
0;Arrancador flourescente;1.50;1.27;;;
0;Arrancador phillips;3.00;2.54;;;
0;Asiento baño;16.00;13.56;;;
0;Aspersor;2.00;1.69;;;
0;Aspersor maxtool;14.00;11.86;;;
0;Autoperforante 2;16.00;13.56;;;
0;Ayudin líquido;7.00;5.93;;;
0;Badilejo 6 kamasa;7.50;6.36;;;
0;Badilejo 7;9.50;8.05;;;
0;Badilejo 7 kamasa;8.00;6.78;;;
0;Badilejo batir;10.00;8.47;;;
0;Badilejo uyustools 7;9.50;8.05;;;
0;Balde 15l dayr;10.00;8.47;;;
0;Bandeja truper;8.00;6.78;;;
0;Barniz 1/4;22.50;19.07;;;
0;Base farba;9.00;8.47;;;
0;Base halcon x5k;8.50;6.78;;;
0;Base sur x5k;10.00;8.47;;;
0;Base zincromato koral;41.00;34.75;;;
0;Bases farba x5k;9.00;7.63;;;
0;Bateria duracell;16.00;13.56;;;
0;Bencina;11.00;9.32;;;
0;Bisagra baño;3.50;2.97;;;
0;Bisagra bisa 4;8.00;6.78;;;
0;Bisagra cangrejo cya;7.00;5.93;;;
0;Bisagra hechiza 2;4.50;3.81;;;
0;Bisagra hechiza 3;7.00;5.93;;;
0;Bisagra tapa de baño;5.00;4.24;;;
0;Bolsa basura 30l;10.00;8.47;;;
0;Bolsa basura 75l;13.00;11.02;;;
0;Bombín uyustools;27.00;22.88;;;
0;bornera 20A;11.00;9.32;;;
0;Bornera 6A;7.00;5.93;;;
0;bornera 9A;9.00;7.63;;;
0;Broca 1/2 cemento;10.00;8.47;;;
0;Broca 1/4 mayolica;10.00;8.47;;;
0;Broca 1/4 truper;5.00;4.24;;;
0;BROCA 1/8;2.50;2.12;;;
0;Broca 3/8;7.00;5.93;;;
0;Broca 5/16;10.00;8.47;;;
0;Broca 5/16 metal;6.00;5.08;;;
0;Broca de metal;6.00;5.08;;;
0;Broca madera 5/16;6.00;5.08;;;
0;Broca mayólica;11.00;9.32;;;
0;Broca plana 7/8 aksi;8.50;7.20;;;
0;Brocha 1;2.50;2.12;;;
0;Brocha 1 11/2;3.00;2.54;;;
0;Brocha 2;4.00;3.39;;;
0;Brocha 3;6.00;5.08;;;
0;Brocha 4;8.50;7.20;;;
0;Cabezal ducha aman.;14.50;12.29;;;
0;Cabezal internet;1.00;0.85;;;
0;Cable 14 indeco;2.00;1.95;;;
0;Cable audio;1.00;0.85;;;
0;Cable bicicleta truper;21.00;17.80;;;
0;Cable mellizo;2.00;1.69;;;
0;Cable utp;1.00;0.85;;;
0;Caja de paso 10*10;7.00;5.93;;;
0;Caja de paso 15*15;10.50;8.90;;;
0;Caja modular;3.50;2.97;;;
0;Caja modular kba;7.00;5.93;;;
0;Caja octagonal;1.00;0.85;;;
0;Caja para cuchilla;8.00;6.78;;;
0;Caja pirámide;3.50;2.97;;;
0;Caja rectangular;1.00;0.85;;;
0;Cal;40.00;33.90;;;
0;Cal de obra;4.00;3.39;;;
0;Canaleta 10x10;2.50;2.12;;;
0;Canaleta 10x15;3.00;2.12;;;
0;Canaleta 10x20;4.00;3.39;;;
0;Canaleta 14x24;4.50;4.24;;;
0;Canaleta 39x19;6.00;5.08;;;
0;Candado 25mm;4.00;4.24;;;
0;Candado 28 clave;20.00;16.95;;;
0;Candado 32mm;6.00;5.08;;;
0;Candado 40 plomo;8.00;6.78;;;
0;Candado 50;10.00;8.47;;;
0;candado Forte 20;10.00;8.47;;;
0;Candado travex 50;35.00;29.66;;;
0;Candado travex 60;40.00;33.90;;;
0;Candado travex 70;50.00;42.37;;;
0;Caño jar pretul;11.00;9.32;;;
0;Caño jardin bronce n;19.00;16.10;;;
0;Caño jardinero fv;31.00;27.12;;;
0;Caño jardinero rojo;12.00;10.17;;;
0;Caño lavadora;24.00;26.27;;;
0;Caño lavadora cya;22.00;18.64;;;
0;Caño lavamanos cya;29.00;24.58;;;
0;Caño palanca amarillo;22.00;18.64;;;
0;Casco pretul;20.00;16.95;;;
0;Cautín pistola kamasa;19.00;16.10;;;
0;Cautín tipo lapicero kamasa;20.00;16.95;;;
0;Cemento;1.00;23.73;;;
0;Cemento blanco;4.00;3.39;;;
0;Cemento y yeso;6.00;5.08;;;
0;Cemento yura;26.00;23.73;;;
0;Cepillo de alambre;8.00;6.78;;;
0;Cera al agua;11.50;9.75;;;
0;Cera amarilla galon tekmisur;15.00;12.71;;;
0;Cera litro;6.50;5.51;;;
0;Cera roja galón tekmisur;16.00;13.56;;;
0;Cera sapolio;4.50;3.81;;;
0;Chapa cantol;85.00;72.03;;;
0;Chapa eco;20.00;16.95;;;
0;Chapa escritorio phelix;5.00;4.24;;;
0;chapa Forte 240;70.00;59.32;;;
0;Chapa perilla escolta;28.00;23.73;;;
0;Chapa travex 134;48.00;40.68;;;
0;Chema blanco;36.00;30.51;;;
0;Chema clean;27.00;22.88;;;
0;Chema clean;17.00;14.41;;;
0;Chema gris azul;18.50;15.68;;;
0;Chema primer;34.00;28.81;;;
0;Chema top 1/4;22.00;18.64;;;
0;Chema verde;27.00;22.88;;;
0;Chica verano;3.50;2.97;;;
0;Chinchex100;3.00;2.54;;;
0;Chisguete;2.00;1.69;;;
0;cierra aceros Arequipa;6.00;5.08;;;
0;cierra círculos X 3;15.00;12.71;;;
0;Cierra copa profield;13.00;11.02;;;
0;Cierra eco;2.00;5.08;;;
0;Cierra sanflex;7.00;5.93;;;
0;Cif multiuso;13.50;11.44;;;
0;Cincel;7.00;5.93;;;
0;Cinta aislante 3m;4.50;3.81;;;
0;Cinta aislante 3m;3.00;3.39;;;
0;Cinta aislante truper;3.00;3.39;;;
0;Cinta antideslizante;14.00;11.86;;;
0;Cinta doble contacto 3m;26.00;22.03;;;
0;Cinta doble contacto pretul;7.50;6.36;;;
0;Cinta doble contacto truper;12.00;10.17;;;
0;Cinta doble faz 3m;25.00;21.19;;;
0;Cinta ducto;7.50;6.36;;;
0;Cinta ducto maxtool;7.30;6.19;;;
0;Cinta embalaje;5.50;4.66;;;
0;Cinta maskin 1 1/2;7.50;6.36;;;
0;Cinta maskin 3/4;4.50;3.81;;;
0;Cinta masking 1;6.00;5.08;;;
0;Cinta masking 2;9.00;7.63;;;
0;Cinta metrica 30m asaky;14.00;11.86;;;
0;Cinta metrica 50m asaky;20.00;16.95;;;
0;Cinta prohibido truper;15.00;12.71;;;
0;Cintillo 10cm;6.00;5.08;;;
0;Cintillo 15cm;8.50;6.36;;;
0;Cintillo 20cm;12.00;10.17;;;
0;Cintillo blanco 10cm;5.00;4.24;;;
0;Cintillo blanco 15cm;8.00;6.78;;;
0;Clavo 2 1/2;2.50;2.12;;;
0;Clavo de madera;8.00;6.78;;;
0;Clavos;1.00;0.85;;;
0;Clavos;6.00;5.08;;;
0;Clavos y grampas;6.50;5.51;;;
0;Cocodrilo pretul;11.00;9.32;;;
0;Codo 1/2 sr;2.00;1.69;;;
0;Codo 1/2×45;1.30;1.10;;;
0;Codo 1/2x90;1.30;1.10;;;
0;Codo 2x45;2.00;1.69;;;
0;Codo 2x90;2.00;1.69;;;
0;Codo 3/4x45;2.20;1.86;;;
0;Codo 3/4x90;2.30;1.86;;;
0;Codo 3x45;6.00;5.08;;;
0;Codo 3x90;6.00;5.08;;;
0;Codo 4x45;8.00;6.78;;;
0;Codo 4x90;8.00;6.78;;;
0;Codo injerto 1/2 tigre;9.00;7.63;;;
0;Codo injerto inyectoplast;7.50;5.93;;;
0;Codo y union;5.00;4.24;;;
0;Cola sintética;5.00;4.24;;;
0;Cola sintetica losaro;32.00;27.12;;;
0;Cola sintética pecsa;10.00;8.47;;;
0;Cola tekno;13.00;11.02;;;
0;Colgador ropa;10.00;8.47;;;
0;Combo 3libras uyustools;27.00;22.88;;;
0;Conector 3/4;3.50;2.97;;;
0;Conector manguera pvc;2.40;2.03;;;
0;Conector metusa;5.50;4.66;;;
0;Copia de llave;3.00;2.54;;;
0;Cordel;1.00;0.85;;;
0;Cordel ropa 20m;10.00;8.47;;;
0;Corredera telescopica;22.00;18.64;;;
0;Corta tubo truper;25.00;21.19;;;
0;Corta tubo uyustools;26.00;22.03;;;
0;Corta vidrio;10.00;8.47;;;
0;Corta vidrio aksi;13.00;11.02;;;
0;Cortador vidrio wadfow;10.00;8.47;;;
0;Cruzeta;5.00;3.39;;;
0;Cuchilla eco wadfow;4.50;3.81;;;
0;Cuchilla mayólica uyustools;16.00;13.56;;;
0;Cuchilla wadfow;10.00;8.47;;;
0;Cuello ganzo schubert;19.00;16.10;;;
0;Curva 1;1.00;0.85;;;
0;Curva luz 3/4;0.50;6.78;;;
0;Curva luz 5/8;0.50;0.42;;;
0;Cuter;4.50;3.81;;;
0;Cuter cya;9.00;7.63;;;
0;Cuter eco;1.20;1.02;;;
0;Cuter uyustools;10.00;11.02;;;
0;Dado 11;5.00;4.24;;;
0;Dado 19;10.00;8.47;;;
0;Dado taladro 5/16;5.00;4.24;;;
0;Desagüe metusa;25.00;21.19;;;
0;Desagüe push con rebose metusa;44.00;37.29;;;
0;Desague push cromado s/rebose;42.00;35.59;;;
0;Desarmador 1/4*8;7.50;6.36;;;
0;Desarmador 1/8*8;6.50;5.51;;;
0;Desarmador 3/16*8;7.00;5.93;;;
0;Desarmador grande a;4.50;4.66;;;
0;Desarmador joyero 28p truper;24.00;20.34;;;
0;Desarmador mediano a;3.70;3.14;;;
0;Desarmador pequeño a;2.30;1.95;;;
0;"Desarmador ph3 10"" kamasa";9.00;7.63;;;
0;Desarmador uyustools;6.00;5.08;;;
0;Desarmadores relojero maxtool;12.00;10.17;;;
0;Desatorador jebe;5.00;4.24;;;
0;Desatorador sapolio;11.00;9.32;;;
0;Detergente patito 140;1.30;1.10;;;
0;Detergente patito 640;5.00;4.24;;;
0;Diafragma metusa;10.50;8.90;;;
0;Diafragma sani;9.00;10.17;;;
0;Dicroico;8.50;7.20;;;
0;Disco cemento 4;10.00;8.47;;;
0;Disco cemento 6;15.00;12.71;;;
0;Disco cemento 7 uyustool;21.00;17.80;;;
0;Disco cemento 9;35.00;29.66;;;
0;Disco ceramico 4;10.00;8.47;;;
0;Disco corte 4 norton;5.00;4.24;;;
0;Disco corte 7 norton;9.50;8.05;;;
0;Disco flap;7.00;5.93;;;
0;Disco lijar 4;9.00;7.63;;;
0;Disco madera 4;10.00;8.47;;;
0;Disco mayolica uyustools 4;10.00;8.47;;;
0;Disco metal 9;13.00;10.17;;;
0;disco removedor 4 UYUSTOOLS;17.00;14.41;;;
0;Driza;0.80;0.68;;;
0;Driza 5/16;24.00;20.34;;;
0;Ducha lorenzetti;56.00;47.46;;;
0;Ducha metusa;28.00;23.73;;;
0;Electrodo;19.00;16.10;;;
0;Embudo truper;8.50;7.20;;;
0;Encendedor cocina;7.00;5.93;;;
0;Encerador esponja;2.00;1.69;;;
0;Enchufe colores;2.50;2.12;;;
0;Enchufe industrial;5.00;4.24;;;
0;Enchufe negro;1.50;1.27;;;
0;Escoba doña tula;8.50;7.20;;;
0;Escoba eco;10.00;8.47;;;
0;Escoba la grandaza virutex;15.50;13.14;;;
0;Escoba metálica pretul;21.00;17.80;;;
0;Escoba paja;16.00;13.56;;;
0;Escoba virutex;13.00;11.02;;;
0;Escobilla 4 trenzado uyustools;16.00;13.56;;;
0;Escobilla copa 4 chascosa kamasa;14.00;11.86;;;
0;Escobilla de fierro;8.00;6.78;;;
0;escobilla Loreto ropa;3.00;2.54;;;
0;Escuadra 6 pretul;13.00;10.17;;;
0;Escuadra tramontina;18.00;15.25;;;
0;Esmalte 1/32;6.00;5.08;;;
0;Esmalte 1/4;17.00;14.41;;;
0;Esmalte 1/8;12.00;10.17;;;
0;Esmalte galon;37.00;31.36;;;
0;Espátula 2;4.00;3.39;;;
0;Espátula 3;5.00;4.24;;;
0;Espátula 4;6.00;5.08;;;
0;Espátula gypsom 8;15.00;12.71;;;
0;Espátula plastico 3;3.50;2.97;;;
0;Espátula truper;20.00;16.95;;;
0;Esponja;1.00;0.85;;;
0;Esponja metalica;3.00;2.54;;;
0;Espuma expansiva 500ml truper;24.00;20.34;;;
0;Estaño;3.00;2.54;;;
0;Extensión 10m amarillo home light;22.00;19.49;;;
0;Extensión 3m;6.50;5.51;;;
0;Extensión 3m plomo home light;11.00;9.32;;;
0;Extensión 5m plomo home light;15.00;13.56;;;
0;Extensión dado;18.00;15.25;;;
0;Extensión ultra 3m;7.00;5.93;;;
0;Extensión ultra 5m;12.00;10.17;;;
0;"Film 15""";20.00;16.95;;;
0;Flexo 10 uyustools;19.00;16.10;;;
0;Flexo 3m kamasa;6.50;5.93;;;
0;Flexo 5m eco;8.00;6.78;;;
0;Flexo 5m kamasa;10.00;8.47;;;
0;FLEXO 5m truper;18.00;15.25;;;
0;Flexo 5m uyustools;9.50;8.47;;;
0;Flexo 7.5m uyustools;15.00;12.71;;;
0;Flourescente;20.00;16.95;;;
0;Fluorescente 75w cubull;29.00;24.58;;;
0;Fluorescente cubull;29.00;24.58;;;
0;Foco;2.50;5.93;;;
0;foco 10w Philips;10.00;8.47;;;
0;Foco 15 swift;9.00;7.63;;;
0;Foco 15w tramontina;10.00;10.17;;;
0;Foco 3w fsl;6.50;5.51;;;
0;Foco 7w swift;6.00;5.08;;;
0;Foco 9w gz ama;9.00;7.63;;;
0;Foco bola 24w opalux;19.00;16.10;;;
0;foco botella Phelix;15.00;12.71;;;
0;Foco led 12w opalux;9.00;7.63;;;
0;Foco led 3w fsl;6.50;5.51;;;
0;Foco led 9 tramontina ama;7.50;6.36;;;
0;Foco led 9w opalux;7.00;5.93;;;
0;Foco plato cubull;25.00;21.19;;;
0;Foco torta 30w opalux;20.00;16.95;;;
0;Foco torta 40w opalux;25.00;21.19;;;
0;Formón;11.00;9.32;;;
0;Fragua azul chema;8.00;6.78;;;
0;Fragua blanca chema;8.00;6.78;;;
0;Fragua chocolate chema;8.00;6.78;;;
0;Fragua cuero chema;8.00;6.78;;;
0;Fragua gris plata sanson;8.00;6.78;;;
0;Fragua hueso chema;8.00;6.78;;;
0;Fragua marfil chema;8.00;6.78;;;
0;fragua Sansón;6.50;5.51;;;
0;Frotacho;7.00;5.93;;;
0;Galón cola sintética pecsa;32.00;27.12;;;
0;Gancho cortina x100;6.00;5.08;;;
0;Gancho de cortina;1.00;0.85;;;
0;Gancho de ropa;5.00;4.24;;;
0;Gancho ropa;4.00;3.39;;;
0;Gancho tekbond 1k;8.00;6.78;;;
0;Gancho tekbond 3k;12.00;10.17;;;
0;Grampa 10;1.50;1.27;;;
0;Grampa 10;8.00;6.78;;;
0;Grampa 6,8;7.00;5.93;;;
0;Grampa 6,8;1.00;0.85;;;
0;Grasa;5.00;5.08;;;
0;Grasa chica;3.00;2.54;;;
0;Gruña;7.00;5.93;;;
0;Guante asatex;6.00;5.08;;;
0;Guante azul;6.00;5.08;;;
0;Guante azul safety;7.00;5.93;;;
0;Guante badana;9.00;7.63;;;
0;Guante cal 35 dkasa;12.00;10.17;;;
0;Guante corrugado dkasa;9.00;7.63;;;
0;Guante corrugado master;7.00;5.93;;;
0;guante corrugado pinto tL;7.00;5.93;;;
0;Guante corrugado virutex;9.00;7.63;;;
0;Guante cya;10.00;8.47;;;
0;Guante nitrilo;0.60;0.51;;;
0;Guante plomo;4.00;3.39;;;
0;Guante protex 9;11.00;9.32;;;
0;Guante punto;7.50;6.36;;;
0;Guante rojo y negro;5.00;4.24;;;
0;Guante spro;8.00;6.78;;;
0;Guante tradicional;5.00;4.24;;;
0;Guante truper;10.00;8.47;;;
0;Guante virutex 42cm;11.50;9.75;;;
0;Herramientas de jardin metal truper;40.00;33.90;;;
0;Hilo desbrozadora;9.00;7.63;;;
0;Hisopo baño hude;9.00;7.63;;;
0;Hisopo de baño eco;5.00;4.24;;;
0;Imprimante cpp;32.00;27.12;;;
0;Imprimante oriental;20.00;16.95;;;
0;Inflador kamasa;25.00;21.19;;;
0;Insecticida sapolio;9.00;7.63;;;
0;Interr bticino;13.00;11.02;;;
0;Interruptor aéreo;2.25;1.91;;;
0;Interruptor doble ultra;5.50;4.66;;;
0;Interruptor opalux;22.00;18.64;;;
0;Interruptor simple;13.00;11.02;;;
0;Interruptor simple ultra;5.50;4.66;;;
0;Interruptor triple ultra;5.50;4.66;;;
0;Jalador de agua;15.00;12.71;;;
0;Jgo. acc. one piece metusa;57.00;48.31;;;
0;Juego cierra copa by madera kamasa;14.00;11.86;;;
0;Juego de broca aksi;15.00;12.71;;;
0;Juego de broca concreto x5 kamasa;12.00;10.17;;;
0;Juego de cables truper;12.00;10.17;;;
0;Juego de desarmadores maxtool;16.00;13.56;;;
0;Juego de llaves maxtool;7.50;6.36;;;
0;Juego de llaves mixta;25.00;21.19;;;
0;Juego de piedra taladro;8.00;6.78;;;
0;kit trampa y desagüe América;13.00;11.02;;;
0;Kubul;12.00;10.17;;;
0;La fregona;14.00;11.86;;;
0;Laca spray;6.00;5.93;;;
0;Lampa truper;35.00;29.66;;;
0;Lampita jardin truper;11.00;9.32;;;
0;Lapicero metal;10.00;8.47;;;
0;Lápiz;1.00;0.85;;;
0;Lápiz bicolor;1.50;1.27;;;
0;Lápiz bicolor;1.00;0.85;;;
0;Lápiz carpintero;1.00;0.85;;;
0;Led chico uyustools;16.00;13.56;;;
0;Lejia galon;13.00;11.02;;;
0;Lejia sapolio;2.50;2.12;;;
0;Lente seguridad azul;4.00;3.39;;;
0;Lentes seguridad;6.00;5.08;;;
0;Lijar metal 100, al agua, madera;2.00;1.69;;;
0;Lijar metal 4,6,8;2.50;2.12;;;
0;"Lijar redondo 80 4""";0.60;0.51;;;
0;Lima plana;10.00;8.47;;;
0;Limpia metales brasso;5.00;4.24;;;
0;Limpia vidrio;5.00;4.24;;;
0;Limpia vidrio losaro;8.50;7.20;;;
0;Limpiatodo sapolio;3.50;2.97;;;
0;Limpiatodo virutex;3.00;2.54;;;
0;Llave 15mm;5.30;4.49;;;
0;llave Allen t/navaja x8 truper;20.00;16.95;;;
0;Llave check 1/2 italy;27.00;22.88;;;
0;Llave check 1/2 valmax;19.00;16.10;;;
0;Llave check 3/4 italy;35.00;29.66;;;
0;Llave check 3/4 valmax;25.00;21.19;;;
0;Llave de ducha favinsa;28.00;23.73;;;
0;Llave de lavatorio venessia;30.00;25.42;;;
0;Llave de paso 1/2;15.00;9.32;;;
0;Llave de paso 1/2 bo/pala;17.00;14.41;;;
0;Llave de paso 1/2 metusa;7.00;5.93;;;
0;Llave de paso 3/4 bo/pal;25.00;21.19;;;
0;Llave de paso 3/4 metusa;9.00;7.63;;;
0;Llave de paso fv;31.00;25.42;;;
0;Llave de paso genebre;25.00;21.19;;;
0;Llave de paso italy;22.00;18.64;;;
0;Llave francesa 10;18.50;15.68;;;
0;Llave francesa 8;15.00;12.71;;;
0;Llave ganzo mueble metusa;24.00;19.49;;;
0;Llave ganzo pared metusa;20.00;16.95;;;
0;Llave lavatorio;20.00;16.95;;;
0;Llave medidor;11.00;9.32;;;
0;Llave mixta 10;4.50;4.24;;;
0;Llave mixta 11mm;4.00;3.39;;;
0;Llave mixta 12mm;4.50;3.81;;;
0;Llave mixta 13mm;5.00;4.24;;;
0;Llave mixta 14;6.00;5.08;;;
0;Llave mixta 16;6.00;5.08;;;
0;Llave mixta 17;6.53;5.53;;;
0;Llave mixta 18mm;6.00;5.08;;;
0;Llave mixta 19;7.00;5.93;;;
0;Llave mixta 20;7.00;5.93;;;
0;Llave mixta 21;7.00;5.93;;;
0;Llave mixta 24;8.00;6.78;;;
0;Llave mixta 6;3.50;2.97;;;
0;Llave mixta 7mm;3.00;2.54;;;
0;Llave mixta 8mm;3.20;2.71;;;
0;Llave mixta 9;4.50;3.81;;;
0;Llave p ducha;30.00;25.42;;;
0;Llave ratchet 1/2 kamasa;19.00;16.10;;;
0;llave Stilson 8;18.00;15.25;;;
0;Llave taladro 1/2 aksi;5.00;4.24;;;
0;Llave termomagnética bticino 32apr;48.00;40.68;;;
0;Llave termomagnética LS 32apr;29.00;18.64;;;
0;llave termomagnética STRONGER;18.00;15.25;;;
0;llave y UYUSTOOLS;11.00;9.32;;;
0;Machete;25.00;21.19;;;
0;Machete 22 truper;20.00;16.95;;;
0;Madera rectangular;2.00;1.69;;;
0;Malla plateada;6.00;5.08;;;
0;Malla verde;6.00;5.08;;;
0;Mameluco pintar;18.00;15.25;;;
0;Manguera 1/2;2.00;1.69;;;
0;Manguera 10 m aksi;37.00;31.36;;;
0;Manguera corrugada;1.50;1.27;;;
0;Manguera de gas;6.00;5.08;;;
0;Manguera entrada lavadora 3m;16.00;13.56;;;
0;Manguera nivel;1.50;1.27;;;
0;Manguera salida lavadora 3m;15.00;12.71;;;
0;marcador CD;2.00;1.69;;;
0;Martillo;14.00;12.71;;;
0;Martillo truper;22.00;18.64;;;
0;Martillo uyustools;22.00;18.64;;;
0;Mascarilla;0.50;0.42;;;
0;Masilla bonflex;13.00;11.02;;;
0;Masilla madera;4.00;3.39;;;
0;Masilla pared;4.00;3.39;;;
0;Mata todo sapolio;9.00;7.63;;;
0;Ménsula 5*6;4.50;3.81;;;
0;Metro tubo 1/2 hidro;7.00;5.93;;;
0;Metro tubo 1/2 pvc;5.00;4.24;;;
0;Metro tubo 2;5.00;4.24;;;
0;Metro tubo 3/4 hidro;9.00;7.63;;;
0;Metro tubo 3/4 pvc;6.00;4.24;;;
0;Mezcladora;15.00;12.71;;;
0;Mini arco truper;18.00;15.25;;;
0;mini rodillo 4 Truper;7.50;6.36;;;
0;Moldimix;7.00;5.93;;;
0;Mosqueton;3.50;2.97;;;
0;Multimetro digital;22.00;18.64;;;
0;Naylon;5.00;4.24;;;
0;niple 1/2 X 11/2;1.00;0.85;;;
0;Niple 1/2×2;1.20;1.27;;;
0;Niple 1/2×3;4.00;3.39;;;
0;Nivel 10;15.00;12.71;;;
0;Nivel 12;17.00;14.41;;;
0;Nylon 0.5 mm;4.50;3.81;;;
0;Nylon 60mm;5.00;4.24;;;
0;Nylon 80mm;7.50;6.36;;;
0;Nylon transparente;5.00;4.24;;;
0;Oatey  1/32 azul;10.00;10.68;;;
0;Oatey 1/32 dorado;10.00;8.47;;;
0;Oatey 1/64 azul;8.00;6.78;;;
0;Oatey 1/64 dorado;7.50;6.78;;;
0;Oatey dorado 1/4;33.00;25.42;;;
0;Oatey dorado 1/8;23.00;19.49;;;
0;Ocre;7.00;5.93;;;
0;Ocre 200gr;2.00;1.69;;;
0;Pabilo;2.00;1.69;;;
0;Pala tramontina;35.00;29.66;;;
0;Palanca baño bronce;11.00;9.32;;;
0;Palo escoba;3.00;2.54;;;
0;Parche bici;7.00;5.93;;;
0;Pasa cable 5m metal;10.00;8.47;;;
0;Pasa cable pretul;28.00;23.73;;;
0;Pasacable 5m plastico;13.00;11.02;;;
0;Pasta fina cpp;38.00;32.20;;;
0;Patito;1.30;1.10;;;
0;Pegamento 1/32;3.50;2.97;;;
0;Pegamento 1/64;1.50;1.27;;;
0;pegamento Sansón;16.00;13.56;;;
0;Pelacable uyustools;12.00;10.17;;;
0;Perilla repuesto de caño;8.00;6.78;;;
0;Perno anclaje;3.00;2.97;;;
0;Perno taza tanque;3.20;2.71;;;
0;Pernos 5/16;4.00;3.39;;;
0;Pila AA/A;2.00;1.69;;;
0;pila D duracell;17.00;14.41;;;
0;pila D Panasonic;6.00;5.08;;;
0;pila Duracell;7.50;6.36;;;
0;Pintura latex cpp;40.00;33.05;;;
0;Pintura látex oriental;20.00;16.95;;;
0;Pintura pared;20.00;16.95;;;
0;Pintura spray C&A;7.00;5.93;;;
0;Piso bienvenido;12.50;10.59;;;
0;Pistola silicona truper;18.00;15.25;;;
0;Plancha;11.00;9.32;;;
0;Plancha empastar truper;19.00;16.10;;;
0;Plastico;7.50;5.93;;;
0;Plomada 500;22.00;18.64;;;
0;Plomo 40apr x20cm;1.50;1.27;;;
0;Plumon permanente;2.50;2.12;;;
0;Poet 900 ml;3.80;3.22;;;
0;Polvo hormigas;2.00;1.69;;;
0;Prensa 3;18.00;15.25;;;
0;Prensa 5;26.00;22.03;;;
0;Protector auditivo wadfow;14.00;11.86;;;
0;Puntera;5.00;4.24;;;
0;Raspador truper;20.00;16.95;;;
0;Raspin;13.00;10.17;;;
0;Rastrillo rojo;20.00;16.95;;;
0;Recogedor eco;4.00;3.39;;;
0;Recogedor gaston dayr;7.00;5.08;;;
0;Recogedor grande;10.00;8.47;;;
0;Recogedor hude;9.00;7.63;;;
0;Recogedor metal;10.00;8.47;;;
0;Reducción 1 a 3/4;3.50;2.97;;;
0;Reducción 1a1/2 sr;4.00;3.39;;;
0;Reducción 1a3/4 sr;4.00;3.39;;;
0;Reduccion 2 11/4;2.50;2.12;;;
0;Reducción 3/4a1/2 sr;3.50;1.69;;;
0;Reducción 3a2;4.00;3.39;;;
0;Reduccion campana 3/4 1/2;2.00;1.27;;;
0;Reducción de 4a3;6.00;5.08;;;
0;Reducción excéntrica 3a2;4.00;3.39;;;
0;Reducción excéntrica 4a2;6.50;5.51;;;
0;Reducción excéntrica 4a3;5.50;4.66;;;
0;Registro 2;5.00;4.24;;;
0;Registro 3;9.00;7.63;;;
0;Registro 4;12.00;10.17;;;
0;Regulador gasper apn;13.00;11.02;;;
0;regulador gasper BPN;23.00;19.49;;;
0;Regulador solgas app;22.00;18.64;;;
0;Remachadora UYUSTOOLS;20.00;16.95;;;
0;Remaches;6.00;5.08;;;
0;Removedor chema;26.00;22.03;;;
0;Repuesto botón op;14.00;11.86;;;
0;Repuesto cesta fregadero;7.00;5.93;;;
0;Repuesto de limpia vidrio sapolio;4.50;3.81;;;
0;Repuesto lijar 4;6.00;5.08;;;
0;Resistencia t peine lorenzetty;15.00;12.71;;;
0;Rodillo 7 truper;10.00;8.47;;;
0;Rodillo 9 aksi;14.00;11.86;;;
0;Rodillo 9 blanco truper;10.00;8.47;;;
0;Rodillo 9 microfibra;15.00;12.71;;;
0;Rodillo 9 naranja truper;12.00;10.17;;;
0;Rodillo antigoteo;16.00;13.56;;;
0;Rodillo halcon;10.00;8.47;;;
0;Rodillo toro;19.00;16.10;;;
0;Rodon aluminio mate;14.00;11.86;;;
0;Ron de quemar;10.00;8.47;;;
0;Saca oxido quisol;17.00;14.41;;;
0;Saco;0.50;0.42;;;
0;Saco de arena fina;6.00;5.08;;;
0;Saco nuevo;1.40;1.10;;;
0;Sellador cpp;32.00;27.12;;;
0;Sellador oriental;20.00;16.95;;;
0;Sellador oriental;20.00;16.95;;;
0;Serrucho;18.00;15.25;;;
0;Serrucho 18;25.00;21.19;;;
0;Sika 1;10.00;8.47;;;
0;Sika boom;45.00;38.14;;;
0;Sikaflex cartucho;32.00;30.51;;;
0;Sikaflex salchicha;42.00;32.63;;;
0;Silicona;10.00;8.47;;;
0;Silicona auto;10.00;8.47;;;
0;Silicona hardman;9.00;8.47;;;
0;Silicona negra shark;10.00;8.47;;;
0;Silicona pasta;5.00;4.24;;;
0;Silicona sika;12.00;10.17;;;
0;Silicona sika;12.50;11.02;;;
0;Silicona sika blanco;14.00;11.86;;;
0;Soda caustica;8.50;7.20;;;
0;Soda caustica granos;11.00;9.32;;;
0;soldadura 3/32 FACILITO;18.00;15.25;;;
0;Soldadura punto azul 1/8;19.00;16.10;;;
0;Soldimix;10.00;8.47;;;
0;Soldimix c contacto;5.50;4.66;;;
0;Solgas completo;32.00;27.12;;;
0;Solgas manguera y valvula;32.00;27.12;;;
0;Sombrero de venti. 2;5.00;4.24;;;
0;Soquet aéreo;2.00;1.69;;;
0;Soquet de dicroico;2.50;2.12;;;
0;Soquet ovalado ultra;5.50;4.66;;;
0;Soquet pared opalux;3.50;2.97;;;
0;Soquet plano opalux;6.00;5.08;;;
0;Soquet plano ultra;4.00;3.39;;;
0;Soquet tema;5.00;4.24;;;
0;Spack 5x40;1.50;0.85;;;
0;Sumidero 2;5.00;4.24;;;
0;Sumidero 2 metusa;15.00;12.71;;;
0;Sumidero 3;9.50;7.63;;;
0;Sumidero 3 a 2;12.00;10.17;;;
0;Sumidero 4;12.00;10.17;;;
0;Superglue;1.00;0.85;;;
0;Supresor de pico;30.00;25.42;;;
0;Supresor de pico 3m profield;27.00;22.88;;;
0;Talco americano;4.00;3.39;;;
0;Tapa ciega;1.00;0.85;;;
0;Tapa oído;2.00;1.69;;;
0;Tapa registro 25×25;18.00;15.25;;;
0;Tapon 1/2;1.00;0.85;;;
0;Tapon 2;4.00;3.39;;;
0;Tapon 3/4;1.50;1.69;;;
0;Tarraja 1/2;11.50;9.75;;;
0;Tarraja 3/4;13.00;13.56;;;
0;Tarraja fierro 1/2;13.00;11.02;;;
0;Tarugo azul;1.50;1.27;;;
0;Tarugo azul;7.00;5.93;;;
0;Tarugo naranja;2.00;1.69;;;
0;Tarugo negro;1.50;1.27;;;
0;Tarugo plomo;4.00;3.39;;;
0;Tarugo rojo,verde;1.00;0.85;;;
0;Tee 1;5.00;4.24;;;
0;Tee 1/2;2.00;1.69;;;
0;Tee 1/2 sr;2.00;1.69;;;
0;Tee 2;4.00;3.39;;;
0;Tee 3;8.00;6.78;;;
0;Tee 3/4;3.00;2.54;;;
0;Tee 3/4;3.50;2.97;;;
0;Tee 3/4 sr;4.00;3.39;;;
0;Tee 3a2;7.00;5.93;;;
0;Tee 4;11.00;9.32;;;
0;Tee 4a2;8.50;7.63;;;
0;Tee injerto;9.50;8.05;;;
0;Tee sanitario 2;5.00;4.24;;;
0;Tee sanitario 4;12.00;10.17;;;
0;Teflon;8.00;7.20;;;
0;Teflon 1/2;1.00;0.85;;;
0;Teflon 3/4;2.00;1.27;;;
0;Teflon amarillo;2.50;2.54;;;
0;Temple 5k;11.00;9.32;;;
0;Termomagnetica tramontina 63apr;42.00;35.59;;;
0;Terokal tekno;7.50;6.36;;;
0;Thiner acrilico galon;18.00;16.10;;;
0;Thiner anypsa gln;19.50;16.53;;;
0;Thiner botella pequeña;5.00;4.24;;;
0;thiner L;10.00;8.47;;;
0;Tijera;7.50;6.36;;;
0;Tijera;6.50;5.51;;;
0;Tijera p/ podar kamasa;26.00;22.03;;;
0;Timbre;25.00;21.19;;;
0;Timbre campanilla vera;20.00;16.95;;;
0;timbre Din don vera;22.00;18.64;;;
0;Tinte al alcohol;23.50;19.92;;;
0;Tirafon 1/4x2;5.00;4.24;;;
0;Tiralinea metal UYUSTOOLS;12.00;10.17;;;
0;Tiza blanca;6.00;5.08;;;
0;Tiza blanca;0.50;0.42;;;
0;Tiza color;7.50;6.36;;;
0;Tiza en polvo;4.00;3.39;;;
0;Toma bticino;13.00;11.02;;;
0;Toma doble  c/ tierra ultra;5.50;5.08;;;
0;Toma doble bticino;21.00;17.80;;;
0;Toma doble ultra;5.50;8.47;;;
0;Toma mixto ultra;5.50;4.66;;;
0;Toma sapito;3.00;2.54;;;
0;Toma simple ultra;5.50;4.66;;;
0;Toma sobreponer;5.00;4.24;;;
0;Toma triple sobreponer;5.00;4.24;;;
0;Toma triple tramontina;10.00;8.47;;;
0;Toma triple ultra;5.50;4.66;;;
0;Tornillos y tarugos;3.00;1.69;;;
0;Torpedo 9 maxtool;11.50;9.75;;;
0;Trampa 2 inyectoplast;9.50;8.05;;;
0;Trampa 2 inyectoplast ploma;11.00;9.32;;;
0;Trampa botella metusa;13.00;11.86;;;
0;Trampa botella sani;12.00;10.17;;;
0;Trampa botella sani;12.00;10.17;;;
0;Trampa corrugada metusa;20.00;16.10;;;
0;Trampa cromada corrugada;12.50;10.59;;;
0;trampa FM;10.00;8.47;;;
0;trampa FM corrugado;12.00;15.25;;;
0;Trampa p cromada;35.00;29.66;;;
0;Trampa p fratelli;14.00;11.86;;;
0;trampa P metusa;15.00;12.71;;;
0;Trampa ratón adhesiva;4.50;3.81;;;
0;Trampa u + desagüe metusa;16.00;13.56;;;
0;Trampa y desagüe metusa;17.00;14.41;;;
0;Trapeador microfibra;7.00;5.93;;;
0;Trapeador yute;4.00;3.39;;;
0;Trapo amarillo;1.00;0.85;;;
0;Trapo micro chico;2.50;2.12;;;
0;Trapo microfibra;7.00;5.93;;;
0;Triple opalux;7.50;6.36;;;
0;Triple ultra;3.00;2.54;;;
0;Triz;6.00;5.08;;;
0;Trompo caño jardinero;0.50;0.42;;;
0;Tubo 1/2;4.00;3.39;;;
0;Tubo 1/2 h3 INYECTOPLAST;28.00;23.73;;;
0;Tubo 1/2 inyectoplast;14.00;13.56;;;
0;Tubo 2 inyectoplast;12.00;11.02;;;
0;Tubo 3 pvc;18.00;15.25;;;
0;Tubo 3/4 hidro tigre;40.00;33.90;;;
0;Tubo 3/4 pvc;20.00;16.95;;;
0;Tubo 3/4 pvc plastisur;23.00;19.49;;;
0;Tubo 4 pvc;23.00;19.49;;;
0;tubo abasto Magnus 1/2 60cm;17.00;14.41;;;
0;Tubo de abasto 1/2;12.00;10.17;;;
0;Tubo de abasto 7/8;12.00;10.17;;;
0;Tubo luz 1;6.50;5.51;;;
0;Tubo luz 3/4;4.50;3.81;;;
0;Tubo luz 5/8;3.50;2.97;;;
0;Uhu pegamento;10.50;8.90;;;
0;Ultra brillo cif;14.50;12.29;;;
0;Unión 2;2.50;2.12;;;
0;Unión 3;5.00;4.24;;;
0;Unión 3/4 sr;2.80;2.37;;;
0;Union injerto 1/2;10.00;8.47;;;
0;Union mixta;3.00;2.54;;;
0;Union simple 1/2;1.50;1.27;;;
0;Union simple 3/4;2.00;1.69;;;
0;Unión simple 3/4;2.50;2.12;;;
0;Union simple s/r 3/4;3.00;2.54;;;
0;Universal 1/2;3.50;2.97;;;
0;Universal 1/2 sr;4.50;3.81;;;
0;Universal 3/4;4.00;3.39;;;
0;Universal inyectoplast 1/2;3.50;2.54;;;
0;Universal inyectoplast 3/4;5.00;4.24;;;
0;Upr 1/2;2.00;1.27;;;
0;Upr 3/4;2.50;2.12;;;
0;Válvula de gas bp;26.00;22.03;;;
0;Válvula de gas bp premium solgas;28.00;23.73;;;
0;Valvula ingreso metusa;30.00;25.42;;;
0;Veneno campeón;5.00;4.24;;;
0;Veneno campeón;4.00;3.39;;;
0;Virutex;3.00;2.54;;;
0;Waype blanco;16.00;14.41;;;
0;Waype color;12.00;10.17;;;
0;Ye 3a2;8.00;6.78;;;
0;Ye 4a3;13.00;11.02;;;
0;Yee 2;4.00;3.39;;;
0;Yee 3;9.00;7.63;;;
0;Yee 4;14.00;11.86;;;
0;Yee 4a2;9.00;7.63;;;
0;Yee 4a3;13.00;11.02;;;
0;Yeso;1.00;0.85;;;
0;Yeso ceramico;4.00;3.39;;;
0;Yeso x 15k;12.00;9.32;;;
